Exact Age		probability a	lives b	expectancy	probability aa	lives bb	eexpectancy	Cohort multiplier	Effective cohort size	Effective cohort size, male	Effective cohort size, female	Effective expected deaths	Effective expected deaths, male	Effective expected deaths, female	Total living	Avg Mortality Rate from SSN Data		Expected mortality rate, using 2010 mortality numbers and 2013 cohort sizes	Change from 2010 to 2013	Cohort Change	Small Cohort Death Rate	Small Cohort Death Rate, males, 2010 data	Small Cohort Death Rate, females, 2010 data	male cohort 2010	female cohort 2010	M Big Cohort Size	F Big Cohort Size	M Big Cohort Cum Deaths		M Big Cohort Death Rate				Big Cohort Death Rate	Big Cohort Death Rate, males, 2010 data	Big Cohort Death Rate, females, 2010 data	big male cohort 2010	big female cohort 2010	Death Rate Multiplier	M Death Rate, Adjusted	F Death Rate, Adjusted	M Death Rate Multiplier vs. Cohort	F Death Rate Multiplier vs. Cohort	M Death vs Big Cohort	F Death vs Big Cohort	Suicide Rate, Raw (per 100,000)	Cerebrovascular, Male (Raw)	Cerebrovascular, Female (Raw)	Cerebrovascular, Male, Adj	Cerebrovascular, Female, Adj	Drug Overdose Rates, Male, Raw	Drug Overdose Rates, Female, Raw	Cardiovascular, Raw								
0	0	0.006569	100000	76.18	0.005513	100000	80.95	1	100000	100000	100000	605.32496	656.9	551.3	100000	0.006053	0.005947	0.005947	0.982448	0.982448	0.005947	0.006569	0.005513	0.006569	0.005513	100000	100000	645.3698	541.6233	0.006454	0.005416	0.006454	0.005416	0.005947	80.95	100000	80.95	100000	0.982447511	0.006453698	0.0054162	1	1	1	1		3	2.3	3	2.3	0.2	0.2	0.4								4000000
1	between 1 and 4	0.000444	99343.1	75.69	0.000382	99448.7	80.39	1	99448.7	99343.1	99448.7	41.11985	44.108336	37.989403	99394.68					0.999407	0.000256			0.000283536	0.000227	497159.8	497621	44.08217	37.96686			0.000226	0.000181	0.000227			6.44E-10	3903.283	0.99940667	0.000443737	0.0003818	1.5659371	1.6807742	1.960221	2.1034819		0.3	0	0.5880663	0	0.2	0.2	0.4								4000000
2	between 1 and 4	0.000291	99298.992	74.72	0.000218	99410.711	79.42	1	99410.711	99298.992	99410.711	25.367575	28.896007	21.671535	99353.56					0.999407	0.000256			0.000283536	0.000227	497159.8	497621	72.96103	59.62554			0.000226	0.000181	0.000227			6.44E-10	3903.283	0.99940667	0.000290827	0.0002179	1.0263236	0.9591853	1.2847394	1.2004163		0.3	0	0.38542182	0	0.2	0.2	0.4								4000000
3	between 1 and 4	0.000226	99270.096	73.74	0.000166	99389.039	78.44	1	99389.039	99270.096	99389.039	19.535674	22.435042	16.49858	99328.19					0.999407	0.000256			0.000283536	0.000227	497159.8	497621	95.38276	76.11433			0.000226	0.000181	0.000227			6.44E-10	3903.283	0.99940667	0.000225866	0.0001659	0.7970761	0.7303888	0.9977701	0.9140785		0.3	0	0.29933103	0	0.2	0.2	0.4								4000000
4	between 1 and 4	0.000173	99247.661	72.76	0.000143	99372.54	77.45	1	99372.54	99247.661	99372.54	15.72439	17.169845	14.210273	99308.65	0.000256	0.000255	0.000256	0.999407	0.999407	0.000256	0.000284	0.000227	0.000283536	0.000227	497159.8	497621	112.5424	90.31617	0.000226	0.000181	0.000226	0.000181	0.000227	6.44E-10	3903.283	6.44E-10	3903.283	0.99940667	0.000172897	0.0001429	0.6101512	0.6291904	0.7637798	0.7874291		0.3	0	0.22913394	0	0.2	0.2	0.4								4000000
5	between 5 and 14	0.000158	99230.491	71.77	0.000127	99358.33	76.47	1	99358.33	99230.491	99358.33	14.183958	15.678418	12.618508	99292.93					0.997637	0.00012			0.000132959	0.000107	1001788	1003193	15.64137	12.58869			0.000151	0.00011	0.000107			2.43E-10	8266.026	0.997636928	0.000157627	0.0001267	1.1883377	1.1820047	1.0465564	1.150207		0.2	0.2	0.20931128	0.2300414	0.2	0.2	0.4								4000000
6	between 5 and 14	0.000147	99214.812	70.78	0.000116	99345.712	75.48	1	99345.712	99214.812	99345.712	13.089841	14.584577	11.524103	99278.74					0.997637	0.00012			0.000132959	0.000107	1001788	1003193	30.19148	24.08556			0.000151	0.00011	0.000107			2.43E-10	8266.026	0.997636928	0.000146653	0.0001157	1.1056053	1.0796263	0.9736949	1.0505828		0.2	0.2	0.19473898	0.21011656	0.2	0.2	0.4								4000000
7	between 5 and 14	0.000136	99200.228	69.79	0.000106	99334.188	74.48	1	99334.188	99200.228	99334.188	12.044684	13.491231	10.529424	99265.65					0.997637	0.00012			0.000132959	0.000107	1001788	1003193	43.65083	34.5901			0.000151	0.00011	0.000107			2.43E-10	8266.026	0.997636928	0.000135679	0.0001057	1.022873	0.9865551	0.9008334	0.9600153		0.2	0.2	0.18016668	0.19200306	0.2	0.2	0.4								4000000
8	between 5 and 14	0.000121	99186.737	68.8	0.000098	99323.658	73.49	1.0345873	102758.99	102617.33	102758.99	11.270756	12.416697	10.070381	99253.61					0.997637	0.00012			0.000132959	0.000107	1001788	1003193	56.03819	44.63669			0.000151	0.00011	0.000107			2.43E-10	8266.026	0.997636928	0.000120714	9.78E-05	0.9100561	0.9120981	0.8014767	0.8875613		0.2	0.2	0.16029534	0.17751226	0.2	0.2	0.4							2005	4138349
9	between 5 and 14	0.000104	99174.735	67.81	0.000091	99313.924	72.5	1.028013	102096.01	101952.92	102096.01	9.9621434	10.603103	9.2907365	99242.72	0.000121	0.000118	0.00012	0.997637	0.997637	0.00012	0.000133	0.000107	0.000132959	0.000107	1001788	1003193	66.61623	53.90547			0.000151	0.00011	0.000107	2.43E-10	8266.026	2.43E-10	8266.026	0.997636928	0.000103754	9.08E-05	0.782197	0.8469483	0.6888726	0.8241641		0.2	0.2	0.13777452	0.16483282	0.2	0.2	0.4							2004	4112052
10	between 5 and 14	0.000092	99164.421	66.82	0.000086	99304.887	71.51	1.0224875	101538.01	101394.38	101538.01	9.0371895	9.328283	8.7322685	99233.02					0.996146	0.000142			0.000169332	0.000114	1001788	1003193	75.90856	62.60408			0.000151	0.00011	0.000114			2.86E-10	6989.438	0.996145753	9.16E-05	8.57E-05	0.5433107	0.7572396	0.6084764	0.7777161		0.2	0.2	0.12169528	0.15554322	0.2	0.2	0.4							2003	4089950
11	between 5 and 14	0.000097	99155.298	65.82	0.000089	99296.347	70.51	1.0054315	99835.675	99693.86	99835.675	9.2869449	9.6703044	8.8853751	99224.19					0.996146	0.000142			0.000169332	0.000114	1001788	1003193	85.5416	71.45521			0.000151	0.00011	0.000114			2.86E-10	6989.438	0.996145753	9.66E-05	8.87E-05	0.5728385	0.783655	0.6415458	0.8048458		0.2	0.2	0.12830916	0.16096916	0.2	0.2	0.4							2002	4021726
12	between 5 and 14	0.000134	99145.68	64.83	0.000102	99287.509	69.52	1.0064833	99931.215	99788.466	99931.215	11.819192	13.371654	10.192984	99214.95					0.996146	0.000142			0.000169332	0.000114	1001788	1003193	98.86171	81.60891			0.000151	0.00011	0.000114			2.86E-10	6989.438	0.996145753	0.000133484	0.0001016	0.7913439	0.8981214	0.8862591	0.9224075		0.2	0.2	0.17725182	0.1844815	0.2	0.2	0.4							2001	4025933
13	between 5 and 14	0.00021	99132.394	63.84	0.000128	99277.382	68.52	1.0147035	100737.11	100589.99	100737.11	17.104586	21.123897	12.89435	99203.21					0.996146	0.000142			0.000169332	0.000114	1001788	1003193	119.9042	94.45356			0.000151	0.00011	0.000114			2.86E-10	6989.438	0.996145753	0.000209191	0.0001275	1.2401658	1.1270543	1.3889136	1.157531		0.2	0.2	0.27778272	0.2315062	0.2	0.2	0.4							2000	4058814
14	between 5 and 14	0.000317	99111.576	62.85	0.000164	99264.674	67.53	0.9898543	98257.56	98106.015	98257.56	23.780754	31.099607	16.11424	99186.35	0.000143	0.000141	0.000142	0.996146	0.996146	0.000142	0.000169	0.000114	0.000169332	0.000114	1001788	1003193	150.8839	110.5057	0.000151	0.00011	0.000151	0.00011	0.000114	2.86E-10	6989.438	2.86E-10	6989.438	0.996145753	0.000315778	0.0001634	1.8720598	1.4440383	2.0965981	1.4830866		0.2	0.2	0.41931962	0.29661732	0.2	0.2	0.4							1999	3959417
15	15-24	0.000433	99080.158	61.87	0.000205	99248.395	66.54	0.9853883	97798.202	97632.423	97798.202	31.419559	42.274839	20.048631	99162.32					0.999585	0.000484			0.000680044	0.000281	988020.7	991797.2	42.25727	20.0403			0.000978	0.000362	0.000281			9.78E-10	2062.683	0.999584508	0.00043282	0.0002049	0.6367236	0.7292409	0.4426868	0.5663049	11.1	0.4	0.3	0.17707472	0.16989147	11.7	4.8	2.1							1998	3941553
16	15-24	0.000547	99037.256	60.9	0.000246	99228.049	65.56	0.9705	96300.822	96115.657	96300.822	38.467702	52.575264	23.690002	99130.44					0.999585	0.000484			0.000680044	0.000281	988020.7	991797.2	94.81069	43.72046			0.000978	0.000362	0.000281			9.78E-10	2062.683	0.999584508	0.000546773	0.0002459	0.8043599	0.875089	0.5592372	0.6795659	11.1	0.4	0.3	0.22369488	0.20386977	11.7	4.8	2.1							1997	3882000
17	15-24	0.000672	98983.083	59.93	0.000285	99203.639	64.57	0.97475	96698.747	96483.76	96698.747	46.630539	64.837087	27.559143	99090.8					0.999585	0.000484			0.000680044	0.000281	988020.7	991797.2	159.6208	71.26815			0.000978	0.000362	0.000281			9.78E-10	2062.683	0.999584508	0.000671721	0.0002849	0.9881715	1.0138227	0.6870336	0.7873019	11.1	0.4	0.3	0.27481344	0.23619057	11.7	4.8	2.1							1996	3899000
18	15-24	0.000805	98916.566	58.97	0.000319	99175.366	63.59	0.973	96497.631	96245.819	96497.631	54.671978	77.477884	30.782744	99042.96					0.999585	0.000484			0.000680044	0.000281	988020.7	991797.2	237.0665	102.0381			0.000978	0.000362	0.000281			9.78E-10	2062.683	0.999584508	0.000804666	0.0003189	1.1837471	1.1347699	0.823009	0.8812257	11.1	0.4	0.3	0.3292036	0.26436771	11.7	4.8	2.1							1995	3892000
19	15-24	0.000941	98836.938	58.02	0.00035	99143.729	62.61	0.99475	98623.224	98318.044	98623.224	64.190494	92.51728	34.518129	98986.77	0.000485	0.000448	0.000484	0.999585	0.999585	0.000484	0.00068	0.000281	0.000680044	0.000281	988020.7	991797.2	329.5454	136.5419			0.000978	0.000362	0.000281	9.78E-10	2062.683	9.78E-10	2062.683	0.999584508	0.000940609	0.0003499	1.3837342	1.2450454	0.9620515	0.966862	11.1	0.4	0.3	0.3848206	0.2900586	11.7	4.8	2.1							1994	3979000
20	15-24	0.001084	98743.933	57.07	0.000383	99109.029	61.63	1.00975	100075.34	99706.686	100075.34	74.014589	108.08205	38.328856	98922.25					0.997735	0.00086			0.001267621	0.000441	988020.7	991797.2	437.3826	174.7839			0.000978	0.000362	0.000441			1.74E-09	1157.188	0.997735178	0.001081545	0.0003821	0.855145	0.8694644	1.1062003	1.0560659	11.1	0.4	0.3	0.44248012	0.31681977	11.7	4.8	2.1							1993	4039000
21	15-24	0.001219	98636.894	56.13	0.000417	99071.07	60.66	1.021	101151.56	100708.27	101151.56	83.406556	122.76338	42.180202	98848.95					0.997735	0.00086			0.001267621	0.000441	988020.7	991797.2	559.868	216.8686			0.000978	0.000362	0.000441			1.74E-09	1157.188	0.997735178	0.001216239	0.0004161	0.9616437	0.9466492	1.2439651	1.1498158	11.1	0.4	0.3	0.49758604	0.34494474	11.7	4.8	2.1							1992	4084000
22	15-24	0.001314	98516.656	55.2	0.000446	99029.757	59.68	1.02775	101777.83	101250.49	101777.83	90.234774	133.04315	45.392914	98767.25					0.997735	0.00086			0.001267621	0.000441	988020.7	991797.2	692.6098	262.1587			0.000978	0.000362	0.000441			1.74E-09	1157.188	0.997735178	0.001311024	0.000445	1.0365872	1.0124833	1.3409107	1.2297791	11.1	0.4	0.3	0.53636428	0.36893373	11.7	4.8	2.1							1991	4111000
23	15-24	0.001357	98387.205	54.27	0.000469	98985.59	58.71	1.04475	103415.2	102790.03	103415.2	95.049319	139.48607	48.501727	98679.46					0.997735	0.00086			0.001267621	0.000441	988020.7	991797.2	831.78	310.5506			0.000978	0.000362	0.000441			1.74E-09	1157.188	0.997735178	0.001353927	0.0004679	1.070509	1.0646966	1.3847913	1.2931982	11.1	0.4	0.3	0.55391652	0.38795946	11.7	4.8	2.1							1990	4179000
24	15-24	0.001362	98253.694	53.35	0.000487	98939.166	57.74	1.00525	99458.596	98769.526	99458.596	92.478833	134.52409	48.436336	98588.48	0.000862	0.000834	0.00086	0.997735	0.997735	0.00086	0.001268	0.000441	0.001267621	0.000441	988020.7	991797.2	965.9994	358.8772	0.000978	0.000362	0.000978	0.000362	0.000441	1.74E-09	1157.188	1.74E-09	1157.188	0.997735178	0.001358915	0.0004859	1.0744534	1.1055592	1.3898937	1.3428305	11.1	0.4	0.3	0.55595748	0.40284915	11.7	4.8	2.1							1989	4021000
25	25-34	0.001353	98119.872	52.42	0.000505	98890.982	56.76	0.97825	96740.104	95985.765	96740.104	90.30102	129.86874	48.853752	98496.48					0.994598	0.000964			0.001364872	0.000558	901050.6	911335.5	129.1672	48.58984			0.00142	0.000652	0.000558			1.96E-09	1026.188	0.994597944	0.001345691	0.0005023	0.9913019	0.9058291	0.947548	0.7697669	14.8	1.3	1.1	1.2318124	0.84674359	28.6	13	7.6							1988	3913000
26	25-34	0.00135	97987.116	51.49	0.000525	98841.043	55.79	0.95725	94615.588	93798.167	94615.588	89.043025	126.62753	49.673184	98404.17					0.994598	0.000964			0.001364872	0.000558	901050.6	911335.5	255.1107	97.99469			0.00142	0.000652	0.000558			1.96E-09	1026.188	0.994597944	0.001342707	0.0005222	0.9891039	0.9417035	0.945447	0.8002527	14.8	1.3	1.1	1.2290811	0.88027797	28.6	13	7.6							1987	3829000
27	25-34	0.001353	97854.833	50.56	0.000551	98789.151	54.82	0.93275	92145.581	91274.096	92145.581	87.976604	123.49385	50.772215	98311.15					0.994598	0.000964			0.001364872	0.000558	901050.6	911335.5	377.9374	148.4926			0.00142	0.000652	0.000558			1.96E-09	1026.188	0.994597944	0.001345691	0.000548	0.9913019	0.9883403	0.947548	0.8398843	14.8	1.3	1.1	1.2318124	0.92387273	28.6	13	7.6							1986	3731000
28	25-34	0.001371	97722.436	49.63	0.000585	98734.718	53.85	0.9401403	92824.483	91872.795	92824.483	90.961163	125.9576	54.302322	98216.83					0.994598	0.000964			0.001364872	0.000558	901050.6	911335.5	503.2146	202.5016			0.00142	0.000652	0.000558			1.96E-09	1026.188	0.994597944	0.001363594	0.0005818	1.00449	1.0493268	0.960154	0.8917102	14.8	1.3	1.1	1.2482002	0.98088122	28.6	13	7.6							1985	3760561
29	25-34	0.001399	97588.458	48.69	0.000626	98676.958	52.88	0.9172853	90514.918	89516.453	90514.918	91.743354	125.23352	56.662339	98120.08	0.000969	0.000976	0.000964	0.994598	0.994598	0.000964	0.001365	0.000558	0.001364872	0.000558	901050.6	911335.5	627.7716	258.8579			0.00142	0.000652	0.000558	1.96E-09	1026.188	1.96E-09	1026.188	0.994597944	0.001391443	0.0006226	1.0250047	1.1228694	0.9797633	0.9542061	14.8	1.3	1.1	1.27369229	1.04962671	28.6	13	7.6							1984	3669141
30	25-34	0.001432	97451.932	47.76	0.000672	98615.187	51.92	0.9097333	89713.514	88655.263	89713.514	94.394244	126.95434	60.287482	98020.07					0.992559	0.001128			0.001497417	0.000761	901050.6	911335.5	753.7812	318.6967			0.00142	0.000652	0.000761			2.31E-09	873.6543	0.992558523	0.001421344	0.000667	0.9563136	0.8829328	1.0008178	1.0222231	14.8	1.3	1.1	1.30106314	1.12444541	28.6	13	7.6							1983	3638933
31	25-34	0.001464	97312.381	46.83	0.00072	98548.917	50.95	0.9201343	90678.234	89540.455	90678.234	98.951044	131.08723	65.288328	97916.31					0.992559	0.001128			0.001497417	0.000761	901050.6	911335.5	883.8929	383.4992			0.00142	0.000652	0.000761			2.31E-09	873.6543	0.992558523	0.001453106	0.0007146	0.9776837	0.9459994	1.0231824	1.0952391	14.8	1.3	1.1	1.33013712	1.20476301	28.6	13	7.6							1982	3680537
32	25-34	0.001497	97169.916	45.9	0.000766	98477.962	49.99	0.90725	89344.131	88157.406	89344.131	100.94162	131.97164	68.437604	97808.77					0.992559	0.001128			0.001497417	0.000761	901050.6	911335.5	1014.882	451.4275			0.00142	0.000652	0.000761			2.31E-09	873.6543	0.992558523	0.00148586	0.0007603	0.9997217	1.0064383	1.046246	1.1652127	14.8	1.3	1.1	1.3601198	1.28173397	28.6	13	7.6							1981	3629000
33	25-34	0.00153	97024.452	44.96	0.000806	98402.528	49.02	0.9030645	88863.83	87619.338	88863.83	103.56514	134.05759	71.624247	97697.5					0.992559	0.001128			0.001497417	0.000761	901050.6	911335.5	1147.942	522.5188			0.00142	0.000652	0.000761			2.31E-09	873.6543	0.992558523	0.001518615	0.0008	1.0217596	1.0589938	1.0693095	1.2260593	14.8	1.3	1.1	1.39010235	1.34866523	28.6	13	7.6							1980	3612258
34	25-34	0.001568	96876.005	44.03	0.000846	98323.215	48.06	0.8735995	85895.112	84630.829	85895.112	103.3806	132.70114	72.667265	97582.82	0.001136	0.001148	0.001128	0.992559	0.992559	0.001128	0.001497	0.000761	0.001497417	0.000761	901050.6	911335.5	1279.656	594.6453	0.00142	0.000652	0.00142	0.000652	0.000761	2.31E-09	873.6543	2.31E-09	873.6543	0.992558523	0.001556332	0.0008397	1.0471367	1.1115493	1.0958675	1.2869059	14.8	1.3	1.1	1.42462775	1.41559649	28.6	13	7.6							1979	3494398
35	35-44	0.001617	96724.103	43.1	0.000891	98240.034	47.1	0.8333198	81865.361	80602.105	81865.361	102.30356	130.3336	72.942036	97464.48					0.98958	0.001391			0.001771567	0.001024	801066.7	816502.1	128.9755	72.18196			0.002129	0.001303	0.001024			2.86E-09	703.8418	0.989579657	0.00160015	0.0008817	0.9127511	0.8698745	0.7516992	0.6768913	16.2	4.7	3.7	3.53298624	2.50449781	28.1	18	25.6							1978	3333279
36	35-44	0.001682	96567.7	42.17	0.000946	98152.502	46.15	0.831658	81629.314	80311.301	81629.314	106.82367	135.08361	77.221331	97341.72					0.98958	0.001391			0.001771567	0.001024	801066.7	816502.1	262.6515	148.5986			0.002129	0.001303	0.001024			2.86E-09	703.8418	0.989579657	0.001664473	0.0009361	0.9494418	0.9235704	0.7819159	0.7186747	16.2	4.7	3.7	3.67500473	2.65909639	28.1	18	25.6							1977	3326632
37	35-44	0.001759	96405.273	41.24	0.001013	98059.65	45.19	0.791947	77658.045	76347.867	77658.045	107.12704	134.2959	78.6676	97213.27					0.98958	0.001391			0.001771567	0.001024	801066.7	816502.1	395.548	226.4465			0.002129	0.001303	0.001024			2.86E-09	703.8418	0.989579657	0.001740671	0.0010024	0.9929062	0.9889819	0.8177111	0.7695745	16.2	4.7	3.7	3.84324217	2.84742565	28.1	18	25.6							1976	3167788
38	35-44	0.001852	96235.697	40.31	0.001094	97960.315	44.23	0.7860495	77001.657	75646.021	77001.657	112.81606	140.09643	84.239813	97078					0.98958	0.001391			0.001771567	0.001024	801066.7	816502.1	534.1845	309.8085			0.002129	0.001303	0.001024			2.86E-09	703.8418	0.989579657	0.001832702	0.0010826	1.0454021	1.0680614	0.8609443	0.8311101	16.2	4.7	3.7	4.04643821	3.07510737	28.1	18	25.6							1975	3144198
39	35-44	0.001963	96057.468	39.39	0.00119	97853.147	43.28	0.7899895	77302.959	75884.391	77302.959	121.13665	148.96106	91.990521	96934.48	0.001406	0.001419	0.001391	0.98958	0.98958	0.001391	0.001772	0.001024	0.001771567	0.001024	801066.7	816502.1	681.5934	400.8404			0.002129	0.001303	0.001024	2.86E-09	703.8418	2.86E-09	703.8418	0.989579657	0.001942545	0.0011776	1.1080584	1.1617852	0.9125451	0.9040412	16.2	4.7	3.7	4.28896197	3.34495244	28.1	18	25.6							1974	3159958
40	35-44	0.002092	95868.907	38.46	0.001296	97736.702	42.33	0.7842413	76649.153	75184.352	76649.153	128.98368	157.28566	99.337302	96781.14					0.996173	0.00202			0.002492459	0.00158	801066.7	816502.1	838.2771	499.7976			0.002129	0.001303	0.00158			4.19E-09	491.1985	0.996173232	0.002083994	0.001291	0.8393319	0.8202205	0.9789936	0.9911294	16.2	4.7	3.7	4.60126992	3.66717878	28.1	18	25.6							1973	3136965
41	35-44	0.002246	95668.349	37.54	0.001413	97610.035	41.39	0.8146028	79513.403	77931.701	79513.403	144.42063	175.0346	112.35244	96616.67					0.996173	0.00202			0.002492459	0.00158	801066.7	816502.1	1012.642	611.7201			0.002129	0.001303	0.00158			4.19E-09	491.1985	0.996173232	0.002237405	0.0014076	0.9011183	0.8942682	1.051061	1.0806064	16.2	4.7	3.7	4.9399867	3.99824368	28.1	18	25.6							1972	3258411
42	35-44	0.002436	95453.478	36.62	0.001549	97472.112	40.45	0.8889925	86651.976	84857.426	86651.976	171.30917	206.71269	134.22391	96439.38					0.996173	0.00202			0.002492459	0.00158	801066.7	816502.1	1218.564	745.4303			0.002129	0.001303	0.00158			4.19E-09	491.1985	0.996173232	0.002426678	0.0015431	0.9773482	0.9803407	1.1399753	1.1846138	16.2	4.7	3.7	5.35788391	4.38307106	28.1	18	25.6							1971	3555970
43	35-44	0.002669	95220.954	35.71	0.001706	97321.128	39.51	0.9328465	90785.673	88826.533	90785.673	196.93268	237.07802	154.88036	96246.68					0.996173	0.00202			0.002492459	0.00158	801066.7	816502.1	1454.734	899.718			0.002129	0.001303	0.00158			4.19E-09	491.1985	0.996173232	0.002658786	0.0016995	1.0708302	1.0797038	1.2490124	1.3046811	16.2	4.7	3.7	5.87035828	4.82732007	28.1	18	25.6							1970	3731386
44	35-44	0.002942	94966.809	34.81	0.001881	97155.098	38.57	0.9000515	87444.591	85475.019	87444.591	208.98441	251.46751	164.48328	96035.57	0.002028	0.002003	0.00202	0.996173	0.996173	0.00202	0.002492	0.00158	0.002492459	0.00158	801066.7	816502.1	1705.24	1063.572	0.002129	0.001303	0.002129	0.001303	0.00158	4.19E-09	491.1985	4.19E-09	491.1985	0.996173232	0.002930742	0.0018738	1.1803606	1.1904589	1.3767682	1.4385142	16.2	4.7	3.7	6.47081054	5.32250254	28.1	18	25.6							1969	3600206
45	45-54	0.003244	94687.417	33.91	0.002069	96972.349	37.65	0.875391	84888.721	82888.512	84888.721	223.34431	268.89033	175.63476	95803.38					0.993015	0.00321			0.00397725	0.002515	916541.7	945652	267.0121	174.4079			0.005065	0.003142	0.002515			6.74E-09	307.2147	0.99301493	0.00322134	0.0020545	0.815639	0.8226782	0.6360388	0.6538494	19.7	14.2	10.6	9.03175096	6.93080364	31.5	23.6	80.3							1968	3501564
46	45-54	0.003571	94380.251	33.02	0.00227	96771.713	36.72	0.8802398	85182.309	83077.248	85182.309	246.21469	296.66885	193.36384	95548.24					0.993015	0.00321			0.00397725	0.002515	916541.7	945652	561.6087	366.4211			0.005065	0.003142	0.002515			6.74E-09	307.2147	0.99301493	0.003546056	0.0022541	0.8978566	0.9026001	0.7001524	0.7173698	19.7	14.2	10.6	9.94216408	7.60411988	31.5	23.6	80.3							1967	3520959
47	45-54	0.003926	94043.219	32.13	0.002486	96552.041	35.81	0.9015685	87048.279	84786.404	87048.279	275.98777	332.87142	216.40202	95268.53					0.993015	0.00321			0.00397725	0.002515	916541.7	945652	892.155	581.3116			0.005065	0.003142	0.002515			6.74E-09	307.2147	0.99301493	0.003898577	0.0024686	0.9871143	0.9884863	0.7697559	0.7856306	19.7	14.2	10.6	10.93053378	8.32768436	31.5	23.6	80.3							1966	3606274
48	45-54	0.004309	93674.005	31.26	0.002716	96312.013	34.89	0.9400895	90541.912	88061.949	90541.912	314.23453	379.45894	245.91183	94962.41					0.993015	0.00321			0.00397725	0.002515	916541.7	945652	1268.963	825.5057			0.005065	0.003142	0.002515			6.74E-09	307.2147	0.99301493	0.004278901	0.002697	1.083412	1.0799391	0.8448493	0.8583156	19.7	14.2	10.6	11.99686006	9.09814536	31.5	23.6	80.3							1965	3760358
49	45-54	0.004719	93270.364	30.39	0.00296	96050.43	33.99	1.0068725	96710.536	93911.364	96710.536	366.53555	443.16773	286.26319	94628.15	0.003232	0.003151	0.00321	0.993015	0.993015	0.00321	0.003977	0.002515	0.00397725	0.002515	916541.7	945652	1709.036	1109.769			0.005065	0.003142	0.002515	6.74E-09	307.2147	6.74E-09	307.2147	0.99301493	0.004686037	0.0029393	1.1864983	1.1769587	0.9252364	0.935425	19.7	14.2	10.6	13.13835688	9.915505	31.5	23.6	80.3							1964	4027490
50	45-54	0.005156	92830.221	29.53	0.003226	95766.12	33.09	1.024505	98112.869	95105.026	98112.869	405.45347	490.36151	316.51212	94264.11					0.983949	0.004886			0.006161037	0.003774	916541.7	945652	2191.526	1421.201			0.005065	0.003142	0.003774			1.05E-08	198.1645	0.983949331	0.005073243	0.0031742	0.836872	0.854693	1.0016883	1.0101795	19.7	14.2	10.6	14.22397386	10.7079027	31.5	23.6	80.3							1963	4098020
51	45-54	0.005622	92351.588	28.68	0.003505	95457.179	32.19	1.0418405	99451.155	96215.625	99451.155	446.98151	540.92424	348.5763	93868.36					0.983949	0.004886			0.006161037	0.003774	916541.7	945652	2723.768	1764.183			0.005065	0.003142	0.003774			1.05E-08	198.1645	0.983949331	0.005531763	0.0034487	0.9125087	0.928611	1.092221	1.0975447	19.7	14.2	10.6	15.5095382	11.63397382	31.5	23.6	80.3							1962	4167362
52	45-54	0.006121	91832.388	27.84	0.003779	95122.601	31.3	1.0670815	101503.57	97992.642	101503.57	494.20575	599.81296	383.58198	93439.33					0.983949	0.004886			0.006161037	0.003774	916541.7	945652	3313.954	2141.608			0.005065	0.003142	0.003774			1.05E-08	198.1645	0.983949331	0.006022754	0.0037183	0.9935015	1.0012043	1.1891649	1.1833442	19.7	14.2	10.6	16.88614158	12.54344852	31.5	23.6	80.3							1961	4268326
53	45-54	0.006656	91270.282	27.01	0.00404	94763.133	30.42	1.0644625	100871.8	97153.792	100871.8	529.86281	646.65564	407.52208	92976.19					0.983949	0.004886			0.006161037	0.003774	916541.7	945652	3950.23	2542.589			0.005065	0.003142	0.003774			1.05E-08	198.1645	0.983949331	0.006549167	0.0039752	1.0803375	1.0703533	1.2931027	1.2650729	19.7	14.2	10.6	18.36205834	13.40977274	31.5	23.6	80.3							1960	4257850
54	45-54	0.007222	90662.787	26.19	0.004301	94380.29	29.54	1.07375	101340.84	97349.167	101340.84	572.5607	703.05569	435.86694	92478.42	0.004965	0.004916	0.004886	0.983949	0.983949	0.004886	0.006161	0.003774	0.006161037	0.003774	916541.7	945652	4642.002	2971.46	0.005065	0.003142	0.005065	0.003142	0.003774	1.05E-08	198.1645	1.05E-08	198.1645	0.983949331	0.007106082	0.004232	1.1722052	1.1395024	1.403063	1.3468017	19.7	14.2	10.6	19.9234946	14.27609802	31.5	23.6	80.3							1959	4295000
55	55-64	0.007844	90008.02	25.38	0.004592	93974.36	28.67	1.06375	99965.226	95746.031	99965.226	608.4232	751.03187	459.04032	91945.18					0.973279	0.006981			0.009052791	0.005274	862765.2	916034.5	730.9638	446.7745			0.010271	0.006172	0.005274			1.54E-08	135.6967	0.973279328	0.007634403	0.0044693	0.8664731	0.8706966	0.7433169	0.7241089	18.1	35.1	23.1	26.09042319	16.72691559	22.7	15.9	184.6							1958	4255000
56	55-64	0.008493	89301.997	24.57	0.00492	93542.83	27.8	1.077	100745.63	96178.251	100745.63	659.9808	816.84188	495.66849	91373.22					0.973279	0.006981			0.009052791	0.005274	862765.2	916034.5	1525.979	929.1983			0.010271	0.006172	0.005274			1.54E-08	135.6967	0.973279328	0.008266061	0.0047885	0.9381637	0.9328892	0.8048177	0.775831	18.1	35.1	23.1	28.24910127	17.9216961	22.7	15.9	184.6							1957	4308000
57	55-64	0.009116	88543.555	23.78	0.005266	93082.599	26.93	1.0545	98155.601	93369.179	98155.601	687.8979	851.15344	516.8874	90760.42					0.973279	0.006981			0.009052791	0.005274	862765.2	916034.5	2354.389	1432.274			0.010271	0.006172	0.005274			1.54E-08	135.6967	0.973279328	0.008872414	0.0051253	1.0069822	0.9984948	0.8638548	0.8303914	18.1	35.1	23.1	30.32130348	19.18204134	22.7	15.9	184.6							1956	4218000
58	55-64	0.00969	87736.392	22.99	0.00563	92592.426	26.07	1.026	94999.829	90017.538	94999.829	707.47358	872.26995	534.84904	90108.08					0.973279	0.006981			0.009052791	0.005274	862765.2	916034.5	3203.351	1952.832			0.010271	0.006172	0.005274			1.54E-08	135.6967	0.973279328	0.009431077	0.0054796	1.0703881	1.0675135	0.9182484	0.8877903	18.1	35.1	23.1	32.23051884	20.50795593	22.7	15.9	184.6							1955	4104000
59	55-64	0.010253	86886.227	22.21	0.006028	92071.131	25.22	1.0195	93866.518	88580.508	93866.518	740.99337	908.21595	565.82737	89418.53	0.007172	0.007218	0.006981	0.973279	0.973279	0.006981	0.009053	0.005274	0.009052791	0.005274	862765.2	916034.5	4087.299	2503.54			0.010271	0.006172	0.005274	1.54E-08	135.6967	1.54E-08	135.6967	0.973279328	0.009979033	0.0058669	1.1325788	1.1429789	0.9715997	0.9505506	18.1	35.1	23.1	34.10314947	21.95771886	22.7	15.9	184.6							1954	4078000
60	55-64	0.010872	85995.382	21.44	0.006479	91516.126	24.37	0.99125	90715.36	85242.922	90715.36	761.18552	926.76105	587.74482	88691.71					0.961385	0.009668			0.012449242	0.007651	862765.2	916034.5	4978.273	3068.589			0.010271	0.006172	0.007651			2.22E-08	95.59882	0.96138476	0.010452175	0.0062288	0.8733062	0.84683	1.0176668	1.0091825	18.1	35.1	23.1	35.72010468	23.31211575	22.7	15.9	184.6							1953	3965000
61	55-64	0.011591	85060.44	20.67	0.007001	90923.193	23.52	0.97825	88945.614	83210.376	88945.614	797.56454	964.49146	622.70824	87923.81					0.961385	0.009668			0.012449242	0.007651	862765.2	916034.5	5905.521	3667.251			0.010271	0.006172	0.007651			2.22E-08	95.59882	0.96138476	0.011143411	0.0067307	0.9310607	0.9150574	1.0849683	1.0904903	18.1	35.1	23.1	38.08238733	25.19032593	22.7	15.9	184.6							1952	3913000
62	55-64	0.012403	84074.505	19.9	0.007602	90286.64	22.68	0.955	86223.741	80291.152	86223.741	829.61041	995.85116	655.47288	87108.51					0.961385	0.009668			0.012449242	0.007651	862765.2	916034.5	6862.917	4297.413			0.010271	0.006172	0.007651			2.22E-08	95.59882	0.96138476	0.011924055	0.0073084	0.9962855	0.9936104	1.1609751	1.1841033	18.1	35.1	23.1	40.75022601	27.35278623	22.7	15.9	184.6							1951	3,820,000
63	55-64	0.013325	83031.729	19.15	0.008294	89600.281	21.85	0.908	81357.055	75392.81	81357.055	843.51837	1004.6092	674.77542	86239.81					0.961385	0.009668			0.012449242	0.007651	862765.2	916034.5	7828.733	4946.131			0.010271	0.006172	0.007651			2.22E-08	95.59882	0.96138476	0.012810452	0.0079737	1.0703463	1.0840574	1.2472783	1.2918907	18.1	35.1	23.1	43.77946833	29.84267517	22.7	15.9	184.6							1950	3,632,000.00
64	55-64	0.01437	81925.331	18.4	0.009082	88857.136	21.03	0.91225	81059.923	74736.383	81059.923	908.99222	1073.9618	736.18622	85310.82	0.010056	0.010217	0.009668	0.961385	0.961385	0.009668	0.012449	0.007651	0.012449242	0.007651	862765.2	916034.5	8861.223	5653.89	0.010271	0.006172	0.010271	0.006172	0.007651	2.22E-08	95.59882	2.22E-08	95.59882	0.96138476	0.013815099	0.0087313	1.1542871	1.187052	1.3450949	1.4146312	18.1	35.1	23.1	47.21283099	32.67798072	22.7	15.9	184.6							1949	3,649,000.00
65	65-74	0.015553	80748.064	17.66	0.00999	88050.136	20.22	0.90925	80059.586	73420.177	80059.586	974.8181	1141.904	799.79526	84314.4					0.940734	0.014315			0.018228216	0.01199	567954.4	636188	1074.227	752.3943			0.021002	0.014159	0.01199			3.49E-08	61.8217	0.940733588	0.014631229	0.0093979	0.8532376	0.8332072	0.6966713	0.6637445	15	85	64.8	59.2170605	43.0106436	6.9	5.9	390.3							1948	3,637,000.00
66	65-74	0.016878	79492.189	16.93	0.011005	87170.515	19.42	0.95425	83182.464	75855.422	83182.464	1102.0878	1280.2878	915.42301	83242.28					0.940734	0.014315			0.018228216	0.01199	567954.4	636188	2278.637	1613.563			0.021002	0.014159	0.01199			3.49E-08	61.8217	0.940733588	0.015877702	0.0103528	0.9259271	0.9178624	0.7560225	0.731182	15	85	64.8	64.2619125	47.3805936	6.9	5.9	390.3							1947	3817000
67	65-74	0.018348	78150.52	16.21	0.012097	86211.203	18.63	0.85275	73516.604	66642.856	73516.604	1059.9146	1222.7631	889.33035	82087.36					0.940734	0.014315			0.018228216	0.01199	567954.4	636188	3428.932	2450.186			0.021002	0.014159	0.01199			3.49E-08	61.8217	0.940733588	0.01726058	0.0113801	1.0065713	1.0089397	0.8218688	0.8037355	15	85	64.8	69.858848	52.0820604	6.9	5.9	390.3							1946	3411000
68	65-74	0.019969	76716.614	15.51	0.013261	85168.306	17.85	0.7145	60852.755	54814.021	60852.755	954.11109	1094.5812	806.96838	80844.42					0.940734	0.014315			0.018228216	0.01199	567954.4	636188	4458.641	3209.329			0.021002	0.014159	0.01199			3.49E-08	61.8217	0.940733588	0.018785509	0.0124751	1.0954994	1.1060221	0.8944788	0.8810727	15	85	64.8	76.030698	57.09351096	6.9	5.9	390.3							1945	2858000
69	65-74	0.021766	75184.66	14.81	0.014529	84038.89	17.09	0.73475	61747.574	55241.929	61747.574	1053.3042	1202.3958	897.1305	79509.07	0.015217	0.014684	0.014315	0.940734	0.940734	0.014315	0.018228	0.01199	0.018228216	0.01199	567954.4	636188	5589.775	4053.289			0.021002	0.014159	0.01199	3.49E-08	61.8217	3.49E-08	61.8217	0.940733588	0.020476007	0.0136679	1.1940828	1.2117786	0.9749725	0.9653197	15	85	64.8	82.8726625	62.55271656	6.9	5.9	390.3							1944	2939000
70	65-74	0.02384	73548.191	14.13	0.015991	82817.888	16.33	0.776	64266.681	57073.396	64266.681	1198.0213	1360.6298	1027.6885	78075.51					0.925094	0.022111			0.028313928	0.019346	567954.4	636188	6848.485	5003.998			0.021002	0.014159	0.019346			5.92E-08	38.70522	0.925093649	0.022054233	0.0147932	0.8419884	0.8265629	1.0501203	1.0447927	15	85	64.8	89.2602255	67.70256696	6.9	5.9	390.3							1943	3104000
71	65-74	0.026162	71794.802	13.47	0.017662	81493.548	15.59	0.74725	60896.053	53648.666	60896.053	1243.3562	1403.5564	1075.5461	76531.67					0.925094	0.022111			0.028313928	0.019346	567954.4	636188	8146.906	5998.978			0.021002	0.014159	0.019346			5.92E-08	38.70522	0.925093649	0.0242023	0.016339	0.9239975	0.9129357	1.1524013	1.1539696	15	85	64.8	97.9541105	74.77723008	6.9	5.9	390.3							1942	2989000
72	65-74	0.028625	69916.506	12.81	0.019486	80054.209	14.86	0.67575	54096.631	47246.079	54096.631	1206.7332	1352.419	1054.127	74867.76					0.925094	0.022111			0.028313928	0.019346	567954.4	636188	9398.02	6974.145			0.021002	0.014159	0.019346			5.92E-08	38.70522	0.925093649	0.026480806	0.0180264	1.0109865	1.0072169	1.2608931	1.273143	15	85	64.8	107.1759135	82.4996664	6.9	5.9	390.3							1941	2703000
73	65-74	0.031204	67915.146	12.18	0.021467	78494.272	14.14	0.63975	50216.711	43448.715	50216.711	1220.1101	1355.7737	1078.0021	73081.99					0.925094	0.022111			0.028313928	0.019346	567954.4	636188	10652.24	7971.397			0.021002	0.014159	0.019346			5.92E-08	38.70522	0.925093649	0.028866622	0.019859	1.1020724	1.1096133	1.3744947	1.4025742	15	85	64.8	116.8320495	90.88680816	6.9	5.9	390.3							1940	2559000
74	65-74	0.033997	65795.922	11.55	0.023658	76809.236	13.44	0.6165	47352.894	40563.186	47352.894	1252.6522	1379.0266	1120.2748	71174.82	0.023901	0.022617	0.022111	0.925094	0.925094	0.022111	0.028314	0.019346	0.028313928	0.019346	567954.4	636188	11927.97	9007.757	0.021002	0.014159	0.021002	0.014159	0.019346	5.92E-08	38.70522	5.92E-08	38.70522	0.925093649	0.031450409	0.0218859	1.2007165	1.2228644	1.4975226	1.5457261	15	85	64.8	127.289421	100.1630513	6.9	5.9	390.3							1939	2466000
75	75-84	0.0372	63559.058	10.94	0.026223	74992.083	12.76	0.624	46795.06	39660.852	46795.06	1354.1253	1475.3837	1227.1069	69142.95					0.942972	0.036119			0.045056829	0.032311	308304.8	385795.8	1391.245	1157.127			0.054547	0.040097	0.032311			1.12E-07	24.6185	0.942971701	0.035078547	0.0247275	0.825624	0.8115912	0.6430937	0.616686	17.1	277.9	262.1	178.7157392	161.6334006	3.7	3.4	1095.1							1938	2496000
76	75-84	0.040898	61194.661	10.34	0.029159	73025.565	12.09	0.60325	44052.672	36915.679	44052.672	1399.7675	1509.7775	1284.5319	66972.87					0.942972	0.036119			0.045056829	0.032311	308304.8	385795.8	2814.923	2368.404			0.054547	0.040097	0.032311			1.12E-07	24.6185	0.942971701	0.038565657	0.0274961	0.9076981	0.9024592	0.7070228	0.6857319	17.1	277.9	262.1	196.4816361	179.730331	3.7	3.4	1095.1							1937	2413000
77	75-84	0.04504	58691.922	9.76	0.032331	70896.213	11.44	0.58875	41740.145	34554.869	41740.145	1455.3254	1556.3513	1349.5006	64652.5					0.942972	0.036119			0.045056829	0.032311	308304.8	385795.8	4282.518	3640.945			0.054547	0.040097	0.032311			1.12E-07	24.6185	0.942971701	0.042471445	0.0304872	0.9996265	1.0006313	0.7786274	0.7603278	17.1	277.9	262.1	216.3805545	199.2819164	3.7	3.4	1095.1							1936	2355000
78	75-84	0.049664	56048.438	9.2	0.035725	68604.068	10.8	0.59425	40767.967	33306.784	40767.967	1557.5853	1654.1481	1456.4356	62180.61					0.942972	0.036119			0.045056829	0.032311	308304.8	385795.8	5842.333	5014.323			0.054547	0.040097	0.032311			1.12E-07	24.6185	0.942971701	0.046831747	0.0336877	1.1022524	1.1056742	0.8585647	0.8401444	17.1	277.9	262.1	238.5951301	220.2018472	3.7	3.4	1095.1							1935	2377000
79	75-84	0.054844	53264.848	8.66	0.039469	66153.187	10.18	0.599	39625.759	31905.644	39625.759	1659.0669	1749.8331	1563.9891	59559.51	0.038303	0.036119	0.036119	0.942972	0.942972	0.036119	0.045057	0.032311	0.045056829	0.032311	308304.8	385795.8	7492.376	6489.12			0.054547	0.040097	0.032311	1.12E-07	24.6185	1.12E-07	24.6185	0.942971701	0.05171634	0.0372182	1.2172184	1.2215495	0.9481138	0.928192	17.1	277.9	262.1	263.480825	243.2791232	3.7	3.4	1095.1							1934	2396000
80	75-84	0.060801	50343.591	8.13	0.043828	63542.187	9.58	0.6	38125.312	30206.155	38125.312	1755.6813	1836.5644	1670.9562	56789.79					0.951696	0.060274			0.074248231	0.054603	308304.8	385795.8	9240.226	8079.362			0.054547	0.040097	0.054603			2.38E-07	15.02679	0.951695662	0.057864048	0.0417109	0.8188882	0.8026711	1.0608195	1.0402382	17.1	277.9	262.1	294.8017391	272.6464322	3.7	3.4	1095.1							1933	2400000
81	75-84	0.067509	47282.65	7.62	0.048896	60757.26	9	0.6	36454.356	28369.59	36454.356	1850.3771	1915.2027	1782.4722	53863.65					0.951696	0.060274			0.074248231	0.054603	308304.8	385795.8	11062.92	9775.733			0.054547	0.040097	0.054603			2.38E-07	15.02679	0.951695662	0.064248022	0.0465341	0.9092338	0.895487	1.1778566	1.160525	17.1	277.9	262.1	327.3263491	304.1736025	3.7	3.4	1095.1							1932	2400000
82	75-84	0.074779	44090.646	7.14	0.054577	57786.473	8.43	0.6	34671.884	26454.387	34671.884	1936.257	1978.2326	1892.2874	50779.69					0.951696	0.060274			0.074248231	0.054603	308304.8	385795.8	12945.59	11576.61			0.054547	0.040097	0.054603			2.38E-07	15.02679	0.951695662	0.07116685	0.0519407	1.0071486	0.9995295	1.3046992	1.295361	17.1	277.9	262.1	362.5759077	339.5141181	3.7	3.4	1095.1							1931	2400000
83	75-84	0.082589	40793.591	6.68	0.060909	54632.661	7.89	0.6	32779.596	24476.155	32779.596	2009.3055	2021.4612	1996.5724	47552.59					0.951696	0.060274			0.074248231	0.054603	308304.8	385795.8	14869.41	13476.74			0.054547	0.040097	0.054603			2.38E-07	15.02679	0.951695662	0.078599593	0.0579668	1.1123363	1.1154945	1.4409634	1.4456482	17.1	277.9	262.1	400.4437289	378.9043932	3.7	3.4	1095.1							1930	2400000
84	75-84	0.091135	37424.489	6.23	0.068019	51305.04	7.37	0.6	30783.024	22454.694	30783.024	2069.5694	2046.4085	2093.8305	44203.75	0.063333	0.060274	0.060274	0.951696	0.951696	0.060274	0.074248	0.054603	0.074248231	0.054603	308304.8	385795.8	16816.97	15469.43	0.054547	0.040097	0.054547	0.040097	0.054603	2.38E-07	15.02679	2.38E-07	15.02679	0.951695662	0.086732784	0.0647334	1.2274367	1.2457079	1.5900689	1.6144009	17.1	277.9	262.1	441.8801473	423.1344759	3.7	3.4	1095.1							1929	2400000
85	85+	0.10068	34013.809	5.81	0.076054	47815.323	6.87	0.6	28689.194	20408.285	28689.194	2116.8413	2054.7062	2181.9279	40754.47					0.944926	0.136604			0.158559473	0.135645	128708.1	211482.7	1941.544	2061.76			0.131273	0.107145	0.135645			0	0.135645	0.944925577	0.095135107	0.0718654	0.6349668	0.5606855	0.6349668	0.5606855	18.6	808.4	955.8	513.3071611	535.9032009	5.9	3.5	4013.9							1928	2400000
86	85+	0.111444	30589.298	5.4	0.085148	44178.776	6.4	0.6	26507.266	18353.579	26507.266	2148.7634	2045.3963	2257.0407	37226.4					0.944926	0.136604			0.158559473	0.135645	128708.1	211482.7	3874.292	4194.495			0.131273	0.107145	0.135645			0	0.135645	0.944925577	0.105306286	0.0804585	0.702853	0.6277283	0.702853	0.6277283	18.6	808.4	955.8	568.1863652	599.9827091	5.9	3.5	4013.9							1927	2400000
87	85+	0.123571	27180.305	5.02	0.095395	40417.042	5.94	0.6	24250.225	16308.183	24250.225	2160.826	2015.2185	2313.3502	33645.13					0.944926	0.136604			0.158559473	0.135645	128708.1	211482.7	5778.523	6380.439			0.131273	0.107145	0.135645			0	0.135645	0.944925577	0.116765399	0.0901412	0.7793353	0.7032713	0.7793353	0.7032713	18.6	808.4	955.8	630.0146565	672.1867085	5.9	3.5	4013.9							1926	2400000
88	85+	0.137126	23821.607	4.65	0.106857	36561.458	5.52	0.6	21936.875	14292.964	21936.875	2147.5664	1959.937	2344.1086	30043.75					0.944926	0.136604			0.158559473	0.135645	128708.1	211482.7	7630.518	8595.447			0.131273	0.107145	0.135645			0	0.135645	0.944925577	0.129573865	0.1009719	0.8648238	0.7877715	0.8648238	0.7877715	18.6	808.4	955.8	699.1235599	752.9519997	5.9	3.5	4013.9							1925	2400000
89	85+	0.152092	20555.045	4.31	0.119557	32654.61	5.12	0.6	19592.766	12333.027	19592.766	2103.6899	1875.7548	2342.4523	26464.47	0.144566	0.136604	0.136604	0.944926	0.944926	0.136604			0.158559473	0.135645	128708.1	211482.7	9402.966	10808.89			0.131273	0.107145	0.135645			0	0.135645	0.944925577	0.143715621	0.1129725	0.9592111	0.8813985	0.9592111	0.8813985	18.6	808.4	955.8	775.4262532	842.4406863	5.9	3.5	4013.9							1924	2400000
90	85+	0.168426	17428.788	4	0.133502	28750.523	4.75	0.6	17250.314	10457.273	17250.314	2025.8306	1761.2766	2302.9514	22958.32	0.154374	0.136604	0.136604	0.88489	0.88489	0.136604			0.158559473	0.135645	128708.1	211482.7	10961.5	12846.75			0.131273	0.107145	0.135645			0	0.135645	0.884889783	0.149038447	0.1181346	1.062226	0.9842038	1.062226	0.9842038	18.6	808.4	955.8	858.7034984	940.701992	5.9	3.5	4013.9							1923	2400000
91	85+	0.186063	14493.327	3.7	0.148685	24912.271	4.4	0.6	14947.362	8695.9959	14947.362	1913.2143	1618.0031	2222.4486	19581.94	0.164997	0.136604	0.136604	0.827918	0.827918	0.136604			0.158559473	0.135645	128708.1	211482.7	12301.08	14686.75			0.131273	0.107145	0.135645			0	0.135645	0.827917831	0.154044875	0.123099	1.1734587	1.096136	1.1734587	1.096136	18.6	808.4	955.8	948.6240131	1047.686789	5.9	3.5	4013.9							1922	2400000
92	85+	0.204925	11796.655	3.44	0.165088	21208.19	4.08	0.6	12724.914	7077.9928	12724.914	1768.051	1450.4577	2100.7306	16393.25	0.176451	0.136604	0.136604	0.774175	0.774175	0.136604			0.158559473	0.135645	128708.1	211482.7	13423.98	16313.09			0.131273	0.107145	0.135645			0	0.135645	0.774175211	0.158647855	0.127807	1.2924173	1.2170622	1.2924173	1.2170622	18.6	808.4	955.8	1044.790145	1163.268051	5.9	3.5	4013.9							1921	2400000
93	85+	0.224931	9379.2253	3.19	0.182685	17706.972	3.79	0.6	10624.183	5627.5352	10624.183	1595.5122	1265.8071	1940.8789	13446.5	0.188732	0.136604	0.136604	0.723799	0.723799	0.136604			0.158559473	0.135645	128708.1	211482.7	14340.17	17717.89			0.131273	0.107145	0.135645			0	0.135645	0.723799	0.162804833	0.1322272	1.4185907	1.3467909	1.4185907	1.3467909	18.6	808.4	955.8	1146.788722	1287.262742	5.9	3.5	4013.9							1920	2400000
94	85+	0.245995	7269.5467	2.97	0.201442	14472.174	3.53	0.6	8683.3043	4361.728	8683.3043	1403.2286	1072.9633	1749.1822	10787.31	0.201817	0.136604	0.136604	0.676869	0.676869	0.136604			0.158559473	0.135645	128708.1	211482.7	15066.43	18901.86			0.131273	0.107145	0.135645			0	0.135645	0.676869351	0.166506476	0.1363499	1.5514368	1.4850713	1.5514368	1.4850713	18.6	808.4	955.8	1254.181509	1419.431149	5.9	3.5	4013.9							1919	2400000
95	85+	0.266884	5481.2746	2.78	0.220406	11556.87	3.29	0.6	6934.1221	3288.7648	6934.1221	1195.4734	877.71869	1528.3221	8448.595	0.215661	0.136604	0.136604	0.633419	0.633419	0.136604			0.158559473	0.135645	128708.1	211482.7	15622.39	19869.93			0.131273	0.107145	0.135645			0	0.135645	0.633419465	0.169049521	0.1396095	1.6831792	1.6248777	1.6831792	1.6248777	18.6	808.4	955.8	1360.682065	1553.058106	5.9	3.5	4013.9							1918	2400000
96	85+	0.287218	4018.4101	2.61	0.239273	9009.6667	3.08	0.6	5405.8	2411.0461	5405.8	986.0077	692.49583	1293.462	6456.14	0.230185	0.136604	0.136604	0.593452	0.593452	0.136604			0.158559473	0.135645	128708.1	211482.7	16033.36	20637.54			0.131273	0.107145	0.135645			0	0.135645	0.593452176	0.170450147	0.1419971	1.8114213	1.7639691	1.8114213	1.7639691	18.6	808.4	955.8	1464.352979	1686.001666	5.9	3.5	4013.9							1917	2400000
97	85+	0.306593	2864.2504	2.46	0.257714	6853.8967	2.89	0.6	4112.338	1718.5502	4112.338	787.1695	526.89547	1059.8071	4812.794	0.245265	0.136604	0.136604	0.556965	0.556965	0.136604			0.158559473	0.135645	128708.1	211482.7	16326.82	21227.81			0.131273	0.107145	0.135645			0	0.135645	0.556964803	0.17076151	0.1435376	1.9336152	1.8999199	1.9336152	1.8999199	18.6	808.4	955.8	1563.134528	1815.94344	5.9	3.5	4013.9							1916	2400000
98	85+	0.324599	1986.0913	2.33	0.275376	5087.5516	2.72	0.6	3052.5309	1191.6548	3052.5309	608.43796	386.80994	840.59376	3500.844	0.260703	0.136604	0.136604	0.523984	0.523984	0.136604			0.158559473	0.135645	128708.1	211482.7	16529.5	21668.27			0.131273	0.107145	0.135645			0	0.135645	0.523984223	0.170084755	0.1442927	2.0471751	2.0301277	2.0471751	2.0301277	18.6	808.4	955.8	1654.936351	1940.396056	5.9	3.5	4013.9							1915	2400000
99	85+	0.340829	1341.408	2.21	0.291899	3686.562	2.56	0.6	2211.9372	804.84482	2211.9372	455.68072	274.31445	645.66225	2486.781	0.276183	0.136604	0.136604	0.494614	0.494614	0.136604			0.158559473	0.135645	128708.1	211482.7	16665.18	21987.62			0.131273	0.107145	0.135645			0	0.135645	0.49461363	0.168578669	0.1443772	2.1495341	2.1519386	2.1495341	2.1519386	18.6	808.4	955.8	1737.683366	2056.822914	5.9	3.5	4013.9							1914	2400000
100	85+	0.35787	884.21727	2.09	0.309413	2610.4582	2.41	0.6	1566.2749	530.53036	1566.2749	333.82409	189.8609	484.62582	1727.313	0.29158	0.136604	0.136604	0.468496	0.468496	0.136604			0.158559473	0.135645	128708.1	211482.7	16754.13	22214.67			0.131273	0.107145	0.135645			0	0.135645	0.468496444	0.167660822	0.1449589	2.257008	2.2810554	2.257008	2.2810554	18.6	808.4	955.8	1824.565267	2180.232751	5.9	3.5	4013.9							1913	2400000
101	85+	0.375764	567.78244	1.98	0.327978	1802.7485	2.27	0.6	1081.6491	340.66946	1081.6491	238.75396	128.01132	354.75711	1170.94	0.306825	0.136604	0.136604	0.445218	0.445218	0.136604			0.158559473	0.135645	128708.1	211482.7	16811.12	22372.61			0.131273	0.107145	0.135645			0	0.135645	0.445218344	0.167297026	0.1460218	2.3698616	2.4179203	2.3698616	2.4179203	18.6	808.4	955.8	1915.796117	2311.048223	5.9	3.5	4013.9							1912	2400000
102	85+	0.394552	354.43024	1.88	0.347656	1211.4867	2.13	0.6	726.89199	212.65814	726.89199	166.34841	83.904695	252.70836	773.0166	0.321976	0.136604	0.136604	0.424268	0.424268	0.136604			0.158559473	0.135645	128708.1	211482.7	16846.72	22479.83			0.131273	0.107145	0.135645			0	0.135645	0.424268249	0.167395886	0.1474994	2.4883534	2.5629905	2.4883534	2.5629905	18.6	808.4	955.8	2011.584889	2449.70632	5.9	3.5	4013.9							1911	2400000
103	85+	0.41428	214.58908	1.77	0.368516	790.30605	2	0.6	474.18363	128.75345	474.18363	112.63383	53.339978	174.74426	495.7692	0.33732	0.136604	0.136604	0.404968	0.404968	0.136604			0.158559473	0.135645	128708.1	211482.7	16868.32	22550.6			0.131273	0.107145	0.135645			0	0.135645	0.404968395	0.167770307	0.1492373	2.6127736	2.7167747	2.6127736	2.7167747	18.6	808.4	955.8	2112.166178	2596.693258	5.9	3.5	4013.9							1910	2400000
104	85+	0.434993	125.68911	1.68	0.390627	499.06563	1.87	0.6	299.43938	75.413469	299.43938	73.910407	32.804331	116.96911	308.0462	0.353567	0.136604	0.136604	0.386359	0.386359	0.136604			0.158559473	0.135645	128708.1	211482.7	16881	22595.79			0.131273	0.107145	0.135645			0	0.135645	0.386359277	0.168063581	0.1509224	2.7434059	2.8797815	2.7434059	2.8797815	18.6	808.4	955.8	2217.76933	2752.495158	5.9	3.5	4013.9							1909	2400000
105	85+	0.456743	71.01523	1.58	0.414064	304.11712	1.75	0.6	182.47027	42.609138	182.47027	46.85722	19.461425	75.55437	184.8622	0.370777	0.136604	0.136604	0.368427	0.368427	0.136604			0.158559473	0.135645	128708.1	211482.7	16888.17	22623.62			0.131273	0.107145	0.135645			0	0.135645	0.368426797	0.16827636	0.1525523	2.8805784	3.0525638	2.8805784	3.0525638	18.6	808.4	955.8	2328.659579	2917.64048	5.9	3.5	4013.9							1908	2400000
106	85+	0.47958	38.579521	1.49	0.438908	178.19317	1.64	0.6	106.9159	23.147712	106.9159	28.598141	11.10118	46.926244	106.7668	0.389011	0.136604	0.136604	0.351157	0.351157	0.136604			0.158559473	0.135645	128708.1	211482.7	16892.07	22640.1			0.131273	0.107145	0.135645			0	0.135645	0.351157475	0.168408102	0.1541258	3.0246064	3.2357188	3.0246064	3.2357188	18.6	808.4	955.8	2445.091814	3092.700029	5.9	3.5	4013.9							1907	2400000
107	85+	0.503559	20.077554	1.4	0.465243	99.982761	1.53	0.6	59.989657	12.046532	59.989657	16.734568	6.0661399	27.909768	59.10326	0.408337	0.136604	0.136604	0.334537	0.334537	0.136604			0.158559473	0.135645	128708.1	211482.7	16894.09	22649.44			0.131273	0.107145	0.135645			0	0.135645	0.334537482	0.16845936	0.1556412	3.1758367	3.4298658	3.1758367	3.4298658	18.6	808.4	955.8	2567.346388	3278.265732	5.9	3.5	4013.9							1906	2400000
108	85+	0.528737	9.9673211	1.32	0.493157	53.466481	1.43	0.6	32.079889	5.9803926	32.079889	9.3444012	3.1620549	15.820422	31.21231	0.428825	0.136604	0.136604	0.318554	0.318554	0.136604			0.158559473	0.135645	128708.1	211482.7	16895.1	22654.48			0.131273	0.107145	0.135645			0	0.135645	0.318553946	0.168431258	0.1570971	3.3346289	3.6356534	3.3346289	3.6356534	18.6	808.4	955.8	2695.714003	3474.95752	5.9	3.5	4013.9							1905	2400000
109	85+	0.555174	4.6972296	1.24	0.522747	27.099112	1.33	0.6	16.259467	2.8183378	16.259467	4.9516827	1.5646679	8.4995876	15.63831	0.450551	0.136604	0.136604	0.303193	0.303193	0.136604			0.158559473	0.135645	128708.1	211482.7	16895.58	22657.06			0.131273	0.107145	0.135645			0	0.135645	0.303193365	0.168325073	0.1584934	3.5013613	3.8537969	3.5013613	3.8537969	18.6	808.4	955.8	2830.500475	3683.459077	5.9	3.5	4013.9							1904	2400000
110	85+	0.582933	2.0894499	1.16	0.554111	12.933132	1.23	0.6	7.7598794	1.2536699	7.7598794	2.4739193	0.7308056	4.2998346	7.385504	0.473592	0.136604	0.136604	0.288442	0.288442	0.136604			0.158559473	0.135645	128708.1	211482.7	16895.79	22658.3			0.131273	0.107145	0.135645			0	0.135645	0.288442359	0.16814257	0.1598291	3.6764312	4.0850187	3.6764312	4.0850187	18.6	808.4	955.8	2972.026982	3904.460873	5.9	3.5	4013.9							1903	2400000
111	85+	0.61208	0.8714406	1.09	0.587358	5.7667415	1.14	0.6	3.4600449	0.5228644	3.4600449	1.1562978	0.3200348	2.032285	3.262306	0.498032	0.136604	0.136604	0.274288	0.274288	0.136604			0.158559473	0.135645	128708.1	211482.7	16895.87	22658.85			0.131273	0.107145	0.135645			0	0.135645	0.274287754	0.167886048	0.1611051	3.860255	4.3301223	3.860255	4.3301223	18.6	808.4	955.8	3120.630142	4138.730894	5.9	3.5	4013.9							1902	2400000
112	85+	0.642683	0.3380492	1.02	0.622599	2.3795997	1.06	0.6	1.4277598	0.2028295	1.4277598	0.5008391	0.1303551	0.8889218	1.335142	0.523956	0.136604	0.136604	0.260716	0.260716	0.136604			0.158559473	0.135645	128708.1	211482.7	16895.91	22659.09			0.131273	0.107145	0.135645			0	0.135645	0.260716302	0.167557935	0.1623217	4.0532615	4.5899261	4.0532615	4.5899261	18.6	808.4	955.8	3276.656597	4387.051366	5.9	3.5	4013.9							1901	2400000
113	85+	0.674818	0.1207907	0.95	0.659955	0.8980633	0.98	0.6	0.538838	0.0724744	0.538838	0.1987002	0.0489071	0.3556088	0.500411	0.551458	0.136604	0.136604	0.247714	0.247714	0.136604			0.158559473	0.135645	128708.1	211482.7	16895.92	22659.17			0.131273	0.107145	0.135645			0	0.135645	0.247714238	0.167162027	0.1634803	4.2559299	4.8653221	4.2559299	4.8653221	18.6	808.4	955.8	3440.493731	4650.274863	5.9	3.5	4013.9							1900	2400000
114	85+	0.708559	0.039279	0.89	0.699553	0.3053819	0.9	0.6	0.1832292	0.0235674	0.1832292	0.0711455	0.0166989	0.1281785	0.169244	0.58063	0.136604	0.136604	0.235268	0.235268	0.136604			0.158559473	0.135645	128708.1	211482.7	16895.92	22659.2			0.131273	0.107145	0.135645			0	0.135645	0.235268457	0.166701583	0.1645828	4.468727	5.1572466	4.468727	5.1572466	18.6	808.4	955.8	3612.518907	4929.2963	5.9	3.5	4013.9							1899	2400000
115	85+	0.743986	0.0114475	0.82	0.741526	0.0917511	0.83	0	0	0	0	0	0	0	0.050668	0.611571	0.136604	0.136604	0.223366	0.223366	0.136604			0.158559473	0.135645	128708.1	211482.7	16895.92	22659.2			0.131273	0.107145	0.135645			0	0.135645	0.223365584	0.166180867	0.1656314	4.6921574	5.4666801	4.6921574	5.4666801	18.6	808.4	955.8	3793.140042	5225.05284	5.9	3.5	4013.9								
116	85+	0.781186	0.0029307	0.76	0.781186	0.0237153	0.76	0	0	0	0	0	0	0	0.013082	0.644375	0.136604	0.136604	0.211994	0.211994	0.136604			0.158559473	0.135645	128708.1	211482.7	16895.92	22659.2			0.131273	0.107145	0.135645			0	0.135645	0.211994448	0.165607095	0.1656071	4.9267697	5.7590616	4.9267697	5.7590616	18.6	808.4	955.8	3982.800625	5504.511077	5.9	3.5	4013.9								
117	85+	0.820245	0.0006413	0.71	0.820245	0.0051892	0.71		0	0	0	0	0	0	0.002863	0.679119	0.136604	0.136604	0.201149	0.201149	0.136604			0.158559473	0.135645	128708.1	211482.7	16895.92	22659.2			0.131273	0.107145	0.135645			0	0.135645	0.201148771	0.164991274	0.1649913	5.1731063	6.0470125	5.1731063	6.0470125	18.6	808.4	955.8	4181.939133	5779.734548	5.9	3.5	4013.9								
118	85+	0.861257	0.0001153	0.65	0.861257	0.0009328	0.65		0	0	0	0	0	0	0.000515	0.715794	0.136604	0.136604	0.190843	0.190843	0.136604			0.158559473	0.135645	128708.1	211482.7	16895.92	22659.2			0.131273	0.107145	0.135645			0	0.135645	0.190842549	0.164364481	0.1643645	5.43176	6.3493613	5.43176	6.3493613	18.6	808.4	955.8	4391.034784	6068.719531	5.9	3.5	4013.9								
119	85+	0.90432	1.60E-05	0.6	0.90432	0.0001294	0.6		0	0	0	0	0	0	7.14E-05	0.754006	0.136604	0.136604	0.181171	0.181171	0.136604	0.158559	0.135645	0.158559473	0.135645	128708.1	211482.7	16895.92	22659.2	0.131273	0.107145	0.131273	0.107145	0.135645	0	0.135645	0	0.135645	0.181170987	0.163836547	0.1638365	5.7033489	6.6668304	5.7033489	6.6668304	18.6	808.4	955.8	4610.587251	6372.156496	5.9	3.5	4013.9								
